Year,Inflation
2023,5.649143189
2022,6.699034141
2021,5.131407472
2020,6.623436776
2019,3.729505735
2018,3.938826467
2017,3.328173375
2016,4.948216341
2015,4.906973441
2014,6.665656719
